{
	"info": {
		"_postman_id": "c2161348-e6e5-407a-8991-52abd41a9a0f",
		"name": "exeter-coding-challenge-2",
		"schema": "https://schema.getpostman.com/json/collection/v2.1.0/collection.json",
		"_exporter_id": "19321888"
	},
	"item": [
		{
			"name": "localhost:8000/add",
			"request": {
				"method": "POST",
				"header": [],
				"body": {
					"mode": "raw",
					"raw": "{\r\n    \"studentName\":\"student 1\",\r\n    \"studentID\":\"s1\",\r\n    \"subject1\":\"123\",\r\n    \"subject2\":\"20\",\r\n    \"subject3\":\"100\",\r\n    \"subject4\":\"9.5\",\r\n    \"subject5\":\"5\"\r\n}",
					"options": {
						"raw": {
							"language": "json"
						}
					}
				},
				"url": {
					"raw": "localhost:8000/add",
					"host": [
						"localhost"
					],
					"port": "8000",
					"path": [
						"add"
					]
				}
			},
			"response": []
		},
		{
			"name": "localhost:8000/report",
			"request": {
				"method": "GET",
				"header": [],
				"url": {
					"raw": "localhost:8000/report",
					"host": [
						"localhost"
					],
					"port": "8000",
					"path": [
						"report"
					]
				}
			},
			"response": []
		},
		{
			"name": "localhost:8000/update",
			"request": {
				"method": "POST",
				"header": [],
				"body": {
					"mode": "raw",
					"raw": "{\r\n    \"studentID\":\"s1\",\"subject1\":\"101\"\r\n}",
					"options": {
						"raw": {
							"language": "json"
						}
					}
				},
				"url": {
					"raw": "localhost:8000/update",
					"host": [
						"localhost"
					],
					"port": "8000",
					"path": [
						"update"
					]
				}
			},
			"response": []
		},
		{
			"name": "localhost:8000/delete",
			"request": {
				"method": "DELETE",
				"header": [],
				"body": {
					"mode": "raw",
					"raw": "{\r\n    \"studentID\":\"s1\"\r\n}",
					"options": {
						"raw": {
							"language": "json"
						}
					}
				},
				"url": {
					"raw": "localhost:8000/delete",
					"host": [
						"localhost"
					],
					"port": "8000",
					"path": [
						"delete"
					]
				}
			},
			"response": []
		}
	]
}